fact_id,layer,variant_a,variant_b,is_correct_a,is_correct_b,pair_type,sae_cosine_distance,sae_l2_distance,active_jaccard_distance
fact_0004,6,original,short_direct,False,False,wrong_wrong,0.012682318687438965,9.138437271118164,0.180327868852459
fact_0004,6,original,answer_briefly,False,False,wrong_wrong,0.46034902334213257,51.73110580444336,0.8780487804878049
fact_0004,6,original,no_explanation,False,False,wrong_wrong,0.48243385553359985,52.25136947631836,0.8764044943820225
fact_0004,6,original,direct_answer,False,True,correct_wrong,0.024101972579956055,12.747591018676758,0.2615384615384615
fact_0004,6,short_direct,answer_briefly,False,False,wrong_wrong,0.45719778537750244,50.745208740234375,0.8701298701298701
fact_0004,6,short_direct,no_explanation,False,False,wrong_wrong,0.47870582342147827,51.19573974609375,0.8690476190476191
fact_0004,6,short_direct,direct_answer,False,True,correct_wrong,0.03307586908340454,14.29710578918457,0.3125
fact_0004,6,answer_briefly,no_explanation,False,False,wrong_wrong,0.0701863169670105,18.255950927734375,0.5660377358490566
fact_0004,6,answer_briefly,direct_answer,False,True,correct_wrong,0.4460594654083252,48.83161926269531,0.858974358974359
fact_0004,6,no_explanation,direct_answer,False,True,correct_wrong,0.4712650775909424,49.41617202758789,0.8588235294117648
fact_0004,9,original,short_direct,False,False,wrong_wrong,0.015924930572509766,8.74368953704834,0.18181818181818177
fact_0004,9,original,answer_briefly,False,False,wrong_wrong,0.6262040734291077,54.66709899902344,0.8679245283018868
fact_0004,9,original,no_explanation,False,False,wrong_wrong,0.6315601766109467,52.538909912109375,0.8823529411764706
fact_0004,9,original,direct_answer,False,True,correct_wrong,0.07473200559616089,18.62655258178711,0.5135135135135135
fact_0004,9,short_direct,answer_briefly,False,False,wrong_wrong,0.6206199824810028,54.29851531982422,0.8461538461538461
fact_0004,9,short_direct,no_explanation,False,False,wrong_wrong,0.6390035152435303,52.706260681152344,0.8823529411764706
fact_0004,9,short_direct,direct_answer,False,True,correct_wrong,0.10574007034301758,21.905309677124023,0.625
fact_0004,9,answer_briefly,no_explanation,False,False,wrong_wrong,0.09615856409072876,20.797691345214844,0.45945945945945943
fact_0004,9,answer_briefly,direct_answer,False,True,correct_wrong,0.6067938804626465,51.61321258544922,0.8775510204081632
fact_0004,9,no_explanation,direct_answer,False,True,correct_wrong,0.6091729998588562,49.15165710449219,0.8936170212765957
fact_0004,12,original,short_direct,False,False,wrong_wrong,0.017160892486572266,12.301968574523926,0.1694915254237288
fact_0004,12,original,answer_briefly,False,False,wrong_wrong,0.6332731544971466,72.10345458984375,0.8691588785046729
fact_0004,12,original,no_explanation,False,False,wrong_wrong,0.685151606798172,71.25520324707031,0.90625
fact_0004,12,original,direct_answer,False,True,correct_wrong,0.10388332605361938,29.765939712524414,0.5285714285714286
fact_0004,12,short_direct,answer_briefly,False,False,wrong_wrong,0.63518425822258,72.3914566040039,0.8761061946902655
fact_0004,12,short_direct,no_explanation,False,False,wrong_wrong,0.6849841773509979,71.45120239257812,0.9117647058823529
fact_0004,12,short_direct,direct_answer,False,True,correct_wrong,0.12625330686569214,32.89282989501953,0.5844155844155844
fact_0004,12,answer_briefly,no_explanation,False,False,wrong_wrong,0.26498544216156006,42.81748962402344,0.6947368421052631
fact_0004,12,answer_briefly,direct_answer,False,True,correct_wrong,0.5861603319644928,68.1090087890625,0.8598130841121495
fact_0004,12,no_explanation,direct_answer,False,True,correct_wrong,0.6360224485397339,67.2540054321289,0.8478260869565217
fact_0007,6,original,short_direct,False,True,correct_wrong,0.009571492671966553,8.421340942382812,0.21568627450980393
fact_0007,6,original,answer_briefly,False,False,wrong_wrong,0.4436432123184204,52.94837951660156,0.8611111111111112
fact_0007,6,original,no_explanation,False,False,wrong_wrong,0.46370750665664673,53.389678955078125,0.881578947368421
fact_0007,6,original,direct_answer,False,True,correct_wrong,0.02113288640975952,12.785666465759277,0.3620689655172413
fact_0007,6,short_direct,answer_briefly,True,False,correct_wrong,0.44085144996643066,52.546539306640625,0.855072463768116
fact_0007,6,short_direct,no_explanation,True,False,correct_wrong,0.46145200729370117,53.011051177978516,0.8767123287671232
fact_0007,6,short_direct,direct_answer,True,True,correct_correct,0.0244448184967041,13.504891395568848,0.38596491228070173
fact_0007,6,answer_briefly,no_explanation,False,False,wrong_wrong,0.059352874755859375,16.724687576293945,0.54
fact_0007,6,answer_briefly,direct_answer,False,True,correct_wrong,0.42846137285232544,49.597721099853516,0.863013698630137
fact_0007,6,no_explanation,direct_answer,False,True,correct_wrong,0.4500533938407898,50.00507736206055,0.8831168831168831
fact_0007,9,original,short_direct,False,True,correct_wrong,0.02145463228225708,10.536033630371094,0.18518518518518523
fact_0007,9,original,answer_briefly,False,False,wrong_wrong,0.5931202471256256,54.00977325439453,0.8703703703703703
fact_0007,9,original,no_explanation,False,False,wrong_wrong,0.578927755355835,52.51740264892578,0.8928571428571429
fact_0007,9,original,direct_answer,False,True,correct_wrong,0.02806025743484497,12.098653793334961,0.27586206896551724
fact_0007,9,short_direct,answer_briefly,True,False,correct_wrong,0.5617518424987793,51.76262664794922,0.8571428571428572
fact_0007,9,short_direct,no_explanation,True,False,correct_wrong,0.5148407518863678,48.73904037475586,0.8823529411764706
fact_0007,9,short_direct,direct_answer,True,True,correct_correct,0.05868792533874512,17.302661895751953,0.33333333333333337
fact_0007,9,answer_briefly,no_explanation,False,False,wrong_wrong,0.16064482927322388,26.733369827270508,0.4666666666666667
fact_0007,9,answer_briefly,direct_answer,False,True,correct_wrong,0.6193315386772156,55.13544845581055,0.9038461538461539
fact_0007,9,no_explanation,direct_answer,False,True,correct_wrong,0.6256585419178009,54.52510452270508,0.9056603773584906
fact_0007,12,original,short_direct,False,True,correct_wrong,0.048227906227111816,24.328794479370117,0.3783783783783784
fact_0007,12,original,answer_briefly,False,False,wrong_wrong,0.6941829919815063,84.88201904296875,0.9145299145299145
fact_0007,12,original,no_explanation,False,False,wrong_wrong,0.6753628849983215,81.87923431396484,0.9056603773584906
fact_0007,12,original,direct_answer,False,True,correct_wrong,0.04885280132293701,24.451303482055664,0.45333333333333337
fact_0007,12,short_direct,answer_briefly,True,False,correct_wrong,0.6701700985431671,81.77491760253906,0.8974358974358975
fact_0007,12,short_direct,no_explanation,True,False,correct_wrong,0.6228040754795074,77.09581756591797,0.8761904761904762
fact_0007,12,short_direct,direct_answer,True,True,correct_correct,0.09884428977966309,33.71326446533203,0.5952380952380952
fact_0007,12,answer_briefly,no_explanation,False,False,wrong_wrong,0.196205735206604,38.46339797973633,0.6413043478260869
fact_0007,12,answer_briefly,direct_answer,False,True,correct_wrong,0.6967207491397858,81.89196014404297,0.9224137931034483
fact_0007,12,no_explanation,direct_answer,False,True,correct_wrong,0.6815993189811707,78.95648193359375,0.9142857142857143
fact_0008,6,original,short_direct,True,True,correct_correct,0.012332260608673096,8.543110847473145,0.14814814814814814
fact_0008,6,original,answer_briefly,True,True,correct_correct,0.4443417191505432,48.94491195678711,0.8666666666666667
fact_0008,6,original,no_explanation,True,False,correct_wrong,0.45223742723464966,48.661136627197266,0.8765432098765432
fact_0008,6,original,direct_answer,True,True,correct_correct,0.024683058261871338,12.138239860534668,0.3275862068965517
fact_0008,6,short_direct,answer_briefly,True,True,correct_correct,0.4427216053009033,48.47633743286133,0.8428571428571429
fact_0008,6,short_direct,no_explanation,True,False,correct_wrong,0.4526088237762451,48.27669906616211,0.8701298701298701
fact_0008,6,short_direct,direct_answer,True,True,correct_correct,0.029915273189544678,13.091302871704102,0.3392857142857143
fact_0008,6,answer_briefly,no_explanation,True,False,correct_wrong,0.06053292751312256,16.712644577026367,0.5
fact_0008,6,answer_briefly,direct_answer,True,True,correct_correct,0.4170726537704468,45.94636535644531,0.835820895522388
fact_0008,6,no_explanation,direct_answer,False,True,correct_wrong,0.42519211769104004,45.62640380859375,0.8493150684931507
fact_0008,9,original,short_direct,True,True,correct_correct,0.0217897891998291,10.059118270874023,0.3214285714285714
fact_0008,9,original,answer_briefly,True,True,correct_correct,0.6190594732761383,54.47853469848633,0.8958333333333334
fact_0008,9,original,no_explanation,True,False,correct_wrong,0.6131690740585327,51.75370407104492,0.9019607843137255
fact_0008,9,original,direct_answer,True,True,correct_correct,0.04137086868286133,13.806119918823242,0.3793103448275862
fact_0008,9,short_direct,answer_briefly,True,True,correct_correct,0.6257419884204865,54.84760665893555,0.8979591836734694
fact_0008,9,short_direct,no_explanation,True,False,correct_wrong,0.6205555498600006,52.14754867553711,0.9038461538461539
fact_0008,9,short_direct,direct_answer,True,True,correct_correct,0.05564701557159424,16.03757095336914,0.5
fact_0008,9,answer_briefly,no_explanation,True,False,correct_wrong,0.09934002161026001,21.634183883666992,0.42500000000000004
fact_0008,9,answer_briefly,direct_answer,True,True,correct_correct,0.6207908391952515,54.42502975463867,0.8979591836734694
fact_0008,9,no_explanation,direct_answer,False,True,correct_wrong,0.6114341020584106,51.537803649902344,0.9038461538461539
fact_0008,12,original,short_direct,True,True,correct_correct,0.03180229663848877,16.89031982421875,0.3114754098360656
fact_0008,12,original,answer_briefly,True,True,correct_correct,0.6114344298839569,72.6361083984375,0.8828828828828829
fact_0008,12,original,no_explanation,True,False,correct_wrong,0.6356568336486816,70.88121032714844,0.8817204301075269
fact_0008,12,original,direct_answer,True,True,correct_correct,0.08407890796661377,26.799699783325195,0.4920634920634921
fact_0008,12,short_direct,answer_briefly,True,True,correct_correct,0.6063949763774872,72.6482925415039,0.8584070796460177
fact_0008,12,short_direct,no_explanation,True,False,correct_wrong,0.6346322894096375,71.17464447021484,0.8762886597938144
fact_0008,12,short_direct,direct_answer,True,True,correct_correct,0.1017301082611084,29.617420196533203,0.5507246376811594
fact_0008,12,answer_briefly,no_explanation,True,False,correct_wrong,0.21622538566589355,40.91415786743164,0.6458333333333333
fact_0008,12,answer_briefly,direct_answer,True,True,correct_correct,0.552290678024292,66.89210510253906,0.8584905660377359
fact_0008,12,no_explanation,direct_answer,False,True,correct_wrong,0.5923947095870972,65.98101806640625,0.8390804597701149
fact_0013,6,original,short_direct,False,True,correct_wrong,0.016369342803955078,9.770893096923828,0.23529411764705888
fact_0013,6,original,answer_briefly,False,False,wrong_wrong,0.4297140836715698,48.32883071899414,0.8529411764705882
fact_0013,6,original,no_explanation,False,False,wrong_wrong,0.44300854206085205,48.225975036621094,0.8666666666666667
fact_0013,6,original,direct_answer,False,True,correct_wrong,0.02263200283050537,11.487096786499023,0.25
fact_0013,6,short_direct,answer_briefly,True,False,correct_wrong,0.4286324381828308,47.77801513671875,0.8695652173913043
fact_0013,6,short_direct,no_explanation,True,False,correct_wrong,0.44238728284835815,47.66413497924805,0.881578947368421
fact_0013,6,short_direct,direct_answer,True,True,correct_correct,0.03420454263687134,13.84955883026123,0.34545454545454546
fact_0013,6,answer_briefly,no_explanation,False,False,wrong_wrong,0.05220663547515869,15.845849990844727,0.47916666666666663
fact_0013,6,answer_briefly,direct_answer,False,True,correct_wrong,0.41584503650665283,46.599945068359375,0.8382352941176471
fact_0013,6,no_explanation,direct_answer,False,True,correct_wrong,0.43108993768692017,46.55707931518555,0.8533333333333333
fact_0013,9,original,short_direct,False,True,correct_wrong,0.03530287742614746,11.982844352722168,0.33333333333333337
fact_0013,9,original,answer_briefly,False,False,wrong_wrong,0.5977123081684113,50.705291748046875,0.8979591836734694
fact_0013,9,original,no_explanation,False,False,wrong_wrong,0.5745141506195068,47.672367095947266,0.8958333333333334
fact_0013,9,original,direct_answer,False,True,correct_wrong,0.043014466762542725,13.148954391479492,0.4137931034482759
fact_0013,9,short_direct,answer_briefly,True,False,correct_wrong,0.5989209413528442,50.49754333496094,0.8958333333333334
fact_0013,9,short_direct,no_explanation,True,False,correct_wrong,0.576741486787796,47.483497619628906,0.8936170212765957
fact_0013,9,short_direct,direct_answer,True,True,correct_correct,0.08466655015945435,18.235416412353516,0.59375
fact_0013,9,answer_briefly,no_explanation,False,False,wrong_wrong,0.08177483081817627,18.768774032592773,0.4358974358974359
fact_0013,9,answer_briefly,direct_answer,False,True,correct_wrong,0.5998347997665405,49.95677947998047,0.8979591836734694
fact_0013,9,no_explanation,direct_answer,False,True,correct_wrong,0.5700315535068512,46.58072280883789,0.8723404255319149
fact_0013,12,original,short_direct,False,True,correct_wrong,0.05462658405303955,23.108699798583984,0.3513513513513513
fact_0013,12,original,answer_briefly,False,False,wrong_wrong,0.6288626194000244,75.33844757080078,0.8859649122807017
fact_0013,12,original,no_explanation,False,False,wrong_wrong,0.6597803235054016,73.75080108642578,0.897196261682243
fact_0013,12,original,direct_answer,False,True,correct_wrong,0.09368163347244263,30.33574676513672,0.5421686746987953
fact_0013,12,short_direct,answer_briefly,True,False,correct_wrong,0.6326004862785339,74.76652526855469,0.8938053097345133
fact_0013,12,short_direct,no_explanation,True,False,correct_wrong,0.6616591513156891,72.9648666381836,0.8952380952380953
fact_0013,12,short_direct,direct_answer,True,True,correct_correct,0.13675647974014282,36.30851745605469,0.6
fact_0013,12,answer_briefly,no_explanation,False,False,wrong_wrong,0.18784737586975098,37.3661003112793,0.5930232558139534
fact_0013,12,answer_briefly,direct_answer,False,True,correct_wrong,0.6113473773002625,73.81429290771484,0.8828828828828829
fact_0013,12,no_explanation,direct_answer,False,True,correct_wrong,0.6427021324634552,72.29014587402344,0.8725490196078431
fact_0015,6,original,short_direct,False,False,wrong_wrong,0.016186416149139404,9.704151153564453,0.16981132075471694
fact_0015,6,original,answer_briefly,False,False,wrong_wrong,0.4367256760597229,48.380401611328125,0.881578947368421
fact_0015,6,original,no_explanation,False,False,wrong_wrong,0.4632406234741211,49.0567512512207,0.8765432098765432
fact_0015,6,original,direct_answer,False,True,correct_wrong,0.03164243698120117,13.549154281616211,0.3728813559322034
fact_0015,6,short_direct,answer_briefly,False,False,wrong_wrong,0.4310276508331299,47.68966293334961,0.88
fact_0015,6,short_direct,no_explanation,False,False,wrong_wrong,0.4564000368118286,48.294837951660156,0.875
fact_0015,6,short_direct,direct_answer,False,True,correct_wrong,0.04810231924057007,16.38693618774414,0.467741935483871
fact_0015,6,answer_briefly,no_explanation,False,False,wrong_wrong,0.07433003187179565,18.5803165435791,0.5818181818181818
fact_0015,6,answer_briefly,direct_answer,False,True,correct_wrong,0.41282016038894653,45.64814376831055,0.8472222222222222
fact_0015,6,no_explanation,direct_answer,False,True,correct_wrong,0.4377060532569885,46.19401168823242,0.8441558441558441
fact_0015,9,original,short_direct,False,False,wrong_wrong,0.03289300203323364,12.305015563964844,0.22857142857142854
fact_0015,9,original,answer_briefly,False,False,wrong_wrong,0.6461489200592041,55.7435417175293,0.875
fact_0015,9,original,no_explanation,False,False,wrong_wrong,0.6431471109390259,53.152400970458984,0.8983050847457628
fact_0015,9,original,direct_answer,False,True,correct_wrong,0.056666672229766846,16.205970764160156,0.5135135135135135
fact_0015,9,short_direct,answer_briefly,False,False,wrong_wrong,0.6319575309753418,53.9365348815918,0.875
fact_0015,9,short_direct,no_explanation,False,False,wrong_wrong,0.6301094889640808,51.29473876953125,0.8983050847457628
fact_0015,9,short_direct,direct_answer,False,True,correct_wrong,0.09034550189971924,20.06549072265625,0.5526315789473684
fact_0015,9,answer_briefly,no_explanation,False,False,wrong_wrong,0.09168946743011475,20.80867576599121,0.4651162790697675
fact_0015,9,answer_briefly,direct_answer,False,True,correct_wrong,0.6738825440406799,56.7282600402832,0.9019607843137255
fact_0015,9,no_explanation,direct_answer,False,True,correct_wrong,0.6590336561203003,53.58799362182617,0.9056603773584906
fact_0015,12,original,short_direct,False,False,wrong_wrong,0.07056879997253418,27.002626419067383,0.34736842105263155
fact_0015,12,original,answer_briefly,False,False,wrong_wrong,0.6915647983551025,80.86778259277344,0.9191176470588235
fact_0015,12,original,no_explanation,False,False,wrong_wrong,0.7134789526462555,79.07380676269531,0.9411764705882353
fact_0015,12,original,direct_answer,False,True,correct_wrong,0.07591187953948975,28.101696014404297,0.3939393939393939
fact_0015,12,short_direct,answer_briefly,False,False,wrong_wrong,0.6913654506206512,79.94558715820312,0.9104477611940298
fact_0015,12,short_direct,no_explanation,False,False,wrong_wrong,0.7145858407020569,78.14431762695312,0.9485294117647058
fact_0015,12,short_direct,direct_answer,False,True,correct_wrong,0.11548435688018799,34.313743591308594,0.46601941747572817
fact_0015,12,answer_briefly,no_explanation,False,False,wrong_wrong,0.22079050540924072,41.322750091552734,0.6565656565656566
fact_0015,12,answer_briefly,direct_answer,False,True,correct_wrong,0.6936857998371124,80.48068237304688,0.9197080291970803
fact_0015,12,no_explanation,direct_answer,False,True,correct_wrong,0.7113140225410461,78.405517578125,0.9338235294117647
fact_0016,6,original,answer_briefly,False,False,wrong_wrong,0.4595482349395752,52.07444381713867,0.8666666666666667
fact_0016,6,original,no_explanation,False,False,wrong_wrong,0.4596407413482666,50.98119354248047,0.8701298701298701
fact_0016,6,original,direct_answer,False,True,correct_wrong,0.017713725566864014,10.815900802612305,0.326530612244898
fact_0016,6,answer_briefly,no_explanation,False,False,wrong_wrong,0.05658316612243652,16.673240661621094,0.5357142857142857
fact_0016,6,answer_briefly,direct_answer,False,True,correct_wrong,0.4401531219482422,49.94011688232422,0.8507462686567164
fact_0016,6,no_explanation,direct_answer,False,True,correct_wrong,0.4393662214279175,48.75689697265625,0.855072463768116
fact_0016,9,original,answer_briefly,False,False,wrong_wrong,0.5737680196762085,57.663665771484375,0.819672131147541
fact_0016,9,original,no_explanation,False,False,wrong_wrong,0.588572084903717,55.211727142333984,0.8148148148148149
fact_0016,9,original,direct_answer,False,True,correct_wrong,0.050498366355895996,17.380294799804688,0.41463414634146345
fact_0016,9,answer_briefly,no_explanation,False,False,wrong_wrong,0.09252840280532837,22.32735252380371,0.44999999999999996
fact_0016,9,answer_briefly,direct_answer,False,True,correct_wrong,0.6080828011035919,56.3524055480957,0.8545454545454545
fact_0016,9,no_explanation,direct_answer,False,True,correct_wrong,0.6046833992004395,52.479896545410156,0.8541666666666666
fact_0016,12,original,answer_briefly,False,False,wrong_wrong,0.6070441901683807,79.3365707397461,0.8760330578512396
fact_0016,12,original,no_explanation,False,False,wrong_wrong,0.6389813423156738,78.1024398803711,0.9009009009009009
fact_0016,12,original,direct_answer,False,True,correct_wrong,0.0954207181930542,32.81966018676758,0.6153846153846154
fact_0016,12,answer_briefly,no_explanation,False,False,wrong_wrong,0.21243268251419067,41.684051513671875,0.6476190476190475
fact_0016,12,answer_briefly,direct_answer,False,True,correct_wrong,0.5620255768299103,74.17305755615234,0.8682170542635659
fact_0016,12,no_explanation,direct_answer,False,True,correct_wrong,0.5942073166370392,72.95611572265625,0.8717948717948718
fact_0019,6,original,short_direct,False,False,wrong_wrong,0.01021277904510498,8.453843116760254,0.2407407407407407
fact_0019,6,original,answer_briefly,False,False,wrong_wrong,0.4537314772605896,52.714149475097656,0.8717948717948718
fact_0019,6,original,no_explanation,False,False,wrong_wrong,0.4699966311454773,52.611236572265625,0.8875
fact_0019,6,original,direct_answer,False,True,correct_wrong,0.012958109378814697,9.661518096923828,0.2264150943396226
fact_0019,6,short_direct,answer_briefly,False,False,wrong_wrong,0.45324403047561646,52.3557014465332,0.863013698630137
fact_0019,6,short_direct,no_explanation,False,False,wrong_wrong,0.4688606262207031,52.19348907470703,0.88
fact_0019,6,short_direct,direct_answer,False,True,correct_wrong,0.02093648910522461,11.977766036987305,0.35185185185185186
fact_0019,6,answer_briefly,no_explanation,False,False,wrong_wrong,0.07196563482284546,18.64643669128418,0.6
fact_0019,6,answer_briefly,direct_answer,False,True,correct_wrong,0.4388062357902527,50.43581008911133,0.8611111111111112
fact_0019,6,no_explanation,direct_answer,False,True,correct_wrong,0.4535027742385864,50.177581787109375,0.8783783783783784
fact_0019,9,original,short_direct,False,False,wrong_wrong,0.010472238063812256,6.160135746002197,0.09999999999999998
fact_0019,9,original,answer_briefly,False,False,wrong_wrong,0.619787186384201,52.73356246948242,0.8518518518518519
fact_0019,9,original,no_explanation,False,False,wrong_wrong,0.6184183955192566,50.152862548828125,0.8431372549019608
fact_0019,9,original,direct_answer,False,True,correct_wrong,0.04900449514389038,13.555481910705566,0.33333333333333337
fact_0019,9,short_direct,answer_briefly,False,False,wrong_wrong,0.6157302856445312,52.118160247802734,0.8490566037735849
fact_0019,9,short_direct,no_explanation,False,False,wrong_wrong,0.6178469061851501,49.626487731933594,0.84
fact_0019,9,short_direct,direct_answer,False,True,correct_wrong,0.05279672145843506,14.028230667114258,0.3142857142857143
fact_0019,9,answer_briefly,no_explanation,False,False,wrong_wrong,0.08467227220535278,20.676666259765625,0.3846153846153846
fact_0019,9,answer_briefly,direct_answer,False,True,correct_wrong,0.6590396761894226,54.9337043762207,0.896551724137931
fact_0019,9,no_explanation,direct_answer,False,True,correct_wrong,0.6481228172779083,51.98834991455078,0.8909090909090909
fact_0019,12,original,short_direct,False,False,wrong_wrong,0.027622580528259277,16.149003982543945,0.23611111111111116
fact_0019,12,original,answer_briefly,False,False,wrong_wrong,0.6923508644104004,77.80608367919922,0.8974358974358975
fact_0019,12,original,no_explanation,False,False,wrong_wrong,0.6972850263118744,74.66390991210938,0.9259259259259259
fact_0019,12,original,direct_answer,False,True,correct_wrong,0.07769399881362915,27.00852394104004,0.4482758620689655
fact_0019,12,short_direct,answer_briefly,False,False,wrong_wrong,0.6911675930023193,77.04004669189453,0.9016393442622951
fact_0019,12,short_direct,no_explanation,False,False,wrong_wrong,0.698259711265564,73.94884490966797,0.9292035398230089
fact_0019,12,short_direct,direct_answer,False,True,correct_wrong,0.09488141536712646,29.572860717773438,0.4946236559139785
fact_0019,12,answer_briefly,no_explanation,False,False,wrong_wrong,0.27419745922088623,44.49272918701172,0.731958762886598
fact_0019,12,answer_briefly,direct_answer,False,True,correct_wrong,0.652302622795105,74.71460723876953,0.8818897637795275
fact_0019,12,no_explanation,direct_answer,False,True,correct_wrong,0.6580955386161804,71.69515228271484,0.8782608695652174
fact_0024,6,original,answer_briefly,True,True,correct_correct,0.46266400814056396,50.57482147216797,0.8666666666666667
fact_0024,6,original,no_explanation,True,False,correct_wrong,0.45186591148376465,48.60131072998047,0.8513513513513513
fact_0024,6,original,direct_answer,True,False,correct_wrong,0.033531904220581055,13.976171493530273,0.43103448275862066
fact_0024,6,answer_briefly,no_explanation,True,False,correct_wrong,0.05311375856399536,16.31529998779297,0.52
fact_0024,6,answer_briefly,direct_answer,True,False,correct_wrong,0.4270951747894287,47.187095642089844,0.8405797101449275
fact_0024,6,no_explanation,direct_answer,False,False,wrong_wrong,0.4141288995742798,45.00479507446289,0.8235294117647058
fact_0024,9,original,answer_briefly,True,True,correct_correct,0.5460139513015747,49.13703155517578,0.8775510204081632
fact_0024,9,original,no_explanation,True,False,correct_wrong,0.5748962759971619,50.23650360107422,0.8846153846153846
fact_0024,9,original,direct_answer,True,False,correct_wrong,0.05386650562286377,15.914697647094727,0.40625
fact_0024,9,answer_briefly,no_explanation,True,False,correct_wrong,0.07157707214355469,17.082746505737305,0.4473684210526315
fact_0024,9,answer_briefly,direct_answer,True,False,correct_wrong,0.5422661304473877,46.28110885620117,0.8936170212765957
fact_0024,9,no_explanation,direct_answer,False,False,wrong_wrong,0.5522627234458923,46.503910064697266,0.8775510204081632
fact_0024,12,original,answer_briefly,True,True,correct_correct,0.5886641144752502,70.39041137695312,0.8854166666666666
fact_0024,12,original,no_explanation,True,False,correct_wrong,0.5738652050495148,68.295166015625,0.8571428571428572
fact_0024,12,original,direct_answer,True,False,correct_wrong,0.08087968826293945,27.607481002807617,0.5
fact_0024,12,answer_briefly,no_explanation,True,False,correct_wrong,0.1714252233505249,33.82368850708008,0.6470588235294117
fact_0024,12,answer_briefly,direct_answer,True,False,correct_wrong,0.5783722698688507,68.16708374023438,0.8737864077669903
fact_0024,12,no_explanation,direct_answer,False,False,wrong_wrong,0.5521675050258636,65.3641357421875,0.8350515463917526
fact_0026,6,original,short_direct,False,False,wrong_wrong,0.008379578590393066,7.253128528594971,0.11538461538461542
fact_0026,6,original,answer_briefly,False,False,wrong_wrong,0.4362097978591919,49.52417755126953,0.863013698630137
fact_0026,6,original,no_explanation,False,False,wrong_wrong,0.45096200704574585,49.61520767211914,0.8717948717948718
fact_0026,6,original,direct_answer,False,True,correct_wrong,0.023650050163269043,12.137730598449707,0.3275862068965517
fact_0026,6,short_direct,answer_briefly,False,False,wrong_wrong,0.43400293588638306,48.95509338378906,0.8591549295774648
fact_0026,6,short_direct,no_explanation,False,False,wrong_wrong,0.4479812979698181,48.98127365112305,0.868421052631579
fact_0026,6,short_direct,direct_answer,False,True,correct_wrong,0.031160831451416016,13.714947700500488,0.38983050847457623
fact_0026,6,answer_briefly,no_explanation,False,False,wrong_wrong,0.06130993366241455,16.96293067932129,0.5208333333333333
fact_0026,6,answer_briefly,direct_answer,False,True,correct_wrong,0.42103368043899536,47.650856018066406,0.8405797101449275
fact_0026,6,no_explanation,direct_answer,False,True,correct_wrong,0.43698471784591675,47.77339172363281,0.8513513513513513
fact_0026,9,original,short_direct,False,False,wrong_wrong,0.031472980976104736,12.398069381713867,0.3055555555555556
fact_0026,9,original,answer_briefly,False,False,wrong_wrong,0.6381756067276001,56.47365188598633,0.9090909090909091
fact_0026,9,original,no_explanation,False,False,wrong_wrong,0.6111979782581329,51.67917251586914,0.9019607843137255
fact_0026,9,original,direct_answer,False,True,correct_wrong,0.04339265823364258,14.631331443786621,0.3783783783783784
fact_0026,9,short_direct,answer_briefly,False,False,wrong_wrong,0.6019925177097321,53.67239761352539,0.8867924528301887
fact_0026,9,short_direct,no_explanation,False,False,wrong_wrong,0.5933567881584167,49.553043365478516,0.8775510204081632
fact_0026,9,short_direct,direct_answer,False,True,correct_wrong,0.07086002826690674,18.3903751373291,0.4871794871794872
fact_0026,9,answer_briefly,no_explanation,False,False,wrong_wrong,0.09974557161331177,21.96082878112793,0.4117647058823529
fact_0026,9,answer_briefly,direct_answer,False,True,correct_wrong,0.6236929893493652,55.74726867675781,0.8846153846153846
fact_0026,9,no_explanation,direct_answer,False,True,correct_wrong,0.593053936958313,50.8249626159668,0.875
fact_0026,12,original,short_direct,False,False,wrong_wrong,0.04008585214614868,18.768468856811523,0.31081081081081086
fact_0026,12,original,answer_briefly,False,False,wrong_wrong,0.613714337348938,72.25902557373047,0.8706896551724138
fact_0026,12,original,no_explanation,False,False,wrong_wrong,0.6730116009712219,71.26214599609375,0.8962264150943396
fact_0026,12,original,direct_answer,False,True,correct_wrong,0.09269320964813232,28.77128791809082,0.45783132530120485
fact_0026,12,short_direct,answer_briefly,False,False,wrong_wrong,0.6157709360122681,71.5840072631836,0.8596491228070176
fact_0026,12,short_direct,no_explanation,False,False,wrong_wrong,0.6688323616981506,70.1137924194336,0.8952380952380953
fact_0026,12,short_direct,direct_answer,False,True,correct_wrong,0.11496114730834961,31.741962432861328,0.5058823529411764
fact_0026,12,answer_briefly,no_explanation,False,False,wrong_wrong,0.22527635097503662,40.58391189575195,0.6593406593406593
fact_0026,12,answer_briefly,direct_answer,False,True,correct_wrong,0.5719532370567322,69.78958892822266,0.8632478632478633
fact_0026,12,no_explanation,direct_answer,False,True,correct_wrong,0.6240415871143341,68.72770690917969,0.8557692307692308
fact_0027,6,original,short_direct,False,False,wrong_wrong,0.00931769609451294,8.461088180541992,0.18965517241379315
fact_0027,6,original,answer_briefly,False,False,wrong_wrong,0.4891122579574585,56.305641174316406,0.8674698795180723
fact_0027,6,original,no_explanation,False,False,wrong_wrong,0.5186215341091156,57.13927459716797,0.8539325842696629
fact_0027,6,original,direct_answer,False,True,correct_wrong,0.027275145053863525,14.456315994262695,0.4328358208955224
fact_0027,6,short_direct,answer_briefly,False,False,wrong_wrong,0.4924268126487732,55.780452728271484,0.8552631578947368
fact_0027,6,short_direct,no_explanation,False,False,wrong_wrong,0.522706538438797,56.602622985839844,0.8414634146341463
fact_0027,6,short_direct,direct_answer,False,True,correct_wrong,0.026819288730621338,14.018404006958008,0.39344262295081966
fact_0027,6,answer_briefly,no_explanation,False,False,wrong_wrong,0.08409982919692993,20.080799102783203,0.6
fact_0027,6,answer_briefly,direct_answer,False,True,correct_wrong,0.472004234790802,53.388999938964844,0.8701298701298701
fact_0027,6,no_explanation,direct_answer,False,True,correct_wrong,0.5037314295768738,54.275047302246094,0.8554216867469879
fact_0027,9,original,short_direct,False,False,wrong_wrong,0.015630900859832764,8.670629501342773,0.1875
fact_0027,9,original,answer_briefly,False,False,wrong_wrong,0.6764921844005585,58.40706253051758,0.8928571428571429
fact_0027,9,original,no_explanation,False,False,wrong_wrong,0.6518356502056122,53.724159240722656,0.8983050847457628
fact_0027,9,original,direct_answer,False,True,correct_wrong,0.04267936944961548,15.016040802001953,0.2222222222222222
fact_0027,9,short_direct,answer_briefly,False,False,wrong_wrong,0.6699133813381195,57.452327728271484,0.8846153846153846
fact_0027,9,short_direct,no_explanation,False,False,wrong_wrong,0.6452242434024811,52.69898223876953,0.8909090909090909
fact_0027,9,short_direct,direct_answer,False,True,correct_wrong,0.05475616455078125,16.982994079589844,0.3783783783783784
fact_0027,9,answer_briefly,no_explanation,False,False,wrong_wrong,0.10525894165039062,22.90148162841797,0.45238095238095233
fact_0027,9,answer_briefly,direct_answer,False,True,correct_wrong,0.7156288623809814,61.69930648803711,0.9152542372881356
fact_0027,9,no_explanation,direct_answer,False,True,correct_wrong,0.6857170760631561,56.8893928527832,0.9016393442622951
fact_0027,12,original,short_direct,False,False,wrong_wrong,0.02980571985244751,21.072900772094727,0.2989690721649485
fact_0027,12,original,answer_briefly,False,False,wrong_wrong,0.7165983021259308,91.56663513183594,0.9241379310344827
fact_0027,12,original,no_explanation,False,False,wrong_wrong,0.7199892997741699,89.436279296875,0.9253731343283582
fact_0027,12,original,direct_answer,False,True,correct_wrong,0.061656296253204346,30.18773078918457,0.4144144144144144
fact_0027,12,short_direct,answer_briefly,False,False,wrong_wrong,0.709036260843277,88.74671173095703,0.9259259259259259
fact_0027,12,short_direct,no_explanation,False,False,wrong_wrong,0.7108822464942932,86.43692016601562,0.9274193548387096
fact_0027,12,short_direct,direct_answer,False,True,correct_wrong,0.0672646164894104,30.85201072692871,0.3980582524271845
fact_0027,12,answer_briefly,no_explanation,False,False,wrong_wrong,0.2458357810974121,42.108604431152344,0.6808510638297872
fact_0027,12,answer_briefly,direct_answer,False,True,correct_wrong,0.6971507668495178,88.54821014404297,0.9090909090909091
fact_0027,12,no_explanation,direct_answer,False,True,correct_wrong,0.7008203566074371,86.41839599609375,0.9172932330827068
fact_0028,6,original,answer_briefly,False,True,correct_wrong,0.4824199080467224,51.612728118896484,0.868421052631579
fact_0028,6,original,no_explanation,False,False,wrong_wrong,0.4777543544769287,50.34004592895508,0.875
fact_0028,6,original,direct_answer,False,False,wrong_wrong,0.03287065029144287,14.011774063110352,0.41538461538461535
fact_0028,6,answer_briefly,no_explanation,True,False,correct_wrong,0.05146157741546631,15.702925682067871,0.5
fact_0028,6,answer_briefly,direct_answer,True,False,correct_wrong,0.4531315565109253,48.74081802368164,0.8513513513513513
fact_0028,6,no_explanation,direct_answer,False,False,wrong_wrong,0.44642096757888794,47.312442779541016,0.858974358974359
fact_0028,9,original,answer_briefly,False,True,correct_wrong,0.6291582584381104,53.15073013305664,0.8979591836734694
fact_0028,9,original,no_explanation,False,False,wrong_wrong,0.6475788354873657,53.257686614990234,0.9
fact_0028,9,original,direct_answer,False,False,wrong_wrong,0.07613903284072876,17.237546920776367,0.5757575757575757
fact_0028,9,answer_briefly,no_explanation,True,False,correct_wrong,0.05838280916213989,16.765106201171875,0.3142857142857143
fact_0028,9,answer_briefly,direct_answer,True,False,correct_wrong,0.5959746837615967,50.07506561279297,0.8666666666666667
fact_0028,9,no_explanation,direct_answer,False,False,wrong_wrong,0.6178697347640991,50.26274108886719,0.8936170212765957
fact_0028,12,original,answer_briefly,False,True,correct_wrong,0.642722874879837,73.59900665283203,0.8807339449541285
fact_0028,12,original,no_explanation,False,False,wrong_wrong,0.6278773844242096,68.75457763671875,0.8865979381443299
fact_0028,12,original,direct_answer,False,False,wrong_wrong,0.1114683747291565,30.828401565551758,0.625
fact_0028,12,answer_briefly,no_explanation,True,False,correct_wrong,0.18807965517044067,37.036441802978516,0.5617977528089888
fact_0028,12,answer_briefly,direct_answer,True,False,correct_wrong,0.5794713795185089,68.0436782836914,0.8333333333333334
fact_0028,12,no_explanation,direct_answer,False,False,wrong_wrong,0.5812718272209167,64.0921630859375,0.8333333333333334
fact_0029,6,original,short_direct,False,False,wrong_wrong,0.014996647834777832,9.632730484008789,0.2549019607843137
fact_0029,6,original,answer_briefly,False,False,wrong_wrong,0.44716036319732666,49.896827697753906,0.8484848484848485
fact_0029,6,original,no_explanation,False,False,wrong_wrong,0.46244895458221436,50.22933578491211,0.8625
fact_0029,6,original,direct_answer,False,True,correct_wrong,0.0248224139213562,12.354177474975586,0.3207547169811321
fact_0029,6,short_direct,answer_briefly,False,False,wrong_wrong,0.4460293650627136,49.644859313964844,0.8461538461538461
fact_0029,6,short_direct,no_explanation,False,False,wrong_wrong,0.4620588421821594,50.01002502441406,0.8607594936708861
fact_0029,6,short_direct,direct_answer,False,True,correct_wrong,0.0318448543548584,13.877095222473145,0.4
fact_0029,6,answer_briefly,no_explanation,False,False,wrong_wrong,0.06822991371154785,17.907026290893555,0.5192307692307692
fact_0029,6,answer_briefly,direct_answer,False,True,correct_wrong,0.41581016778945923,47.13111877441406,0.828125
fact_0029,6,no_explanation,direct_answer,False,True,correct_wrong,0.43165528774261475,47.503902435302734,0.8461538461538461
fact_0029,9,original,short_direct,False,False,wrong_wrong,0.03561270236968994,13.064990997314453,0.375
fact_0029,9,original,answer_briefly,False,False,wrong_wrong,0.6693887710571289,59.49625778198242,0.8775510204081632
fact_0029,9,original,no_explanation,False,False,wrong_wrong,0.6224490106105804,53.31167221069336,0.88
fact_0029,9,original,direct_answer,False,True,correct_wrong,0.05596286058425903,16.98167610168457,0.5
fact_0029,9,short_direct,answer_briefly,False,False,wrong_wrong,0.6520066857337952,58.34674072265625,0.8775510204081632
fact_0029,9,short_direct,no_explanation,False,False,wrong_wrong,0.6088076233863831,52.30010986328125,0.88
fact_0029,9,short_direct,direct_answer,False,True,correct_wrong,0.09710299968719482,22.209922790527344,0.6153846153846154
fact_0029,9,answer_briefly,no_explanation,False,False,wrong_wrong,0.0742577314376831,20.463603973388672,0.4054054054054054
fact_0029,9,answer_briefly,direct_answer,False,True,correct_wrong,0.6977763175964355,61.96506118774414,0.9038461538461539
fact_0029,9,no_explanation,direct_answer,False,True,correct_wrong,0.64963498711586,55.82259750366211,0.9056603773584906
fact_0029,12,original,short_direct,False,False,wrong_wrong,0.05870926380157471,21.917381286621094,0.36764705882352944
fact_0029,12,original,answer_briefly,False,False,wrong_wrong,0.6335473358631134,72.34310913085938,0.8771929824561404
fact_0029,12,original,no_explanation,False,False,wrong_wrong,0.6273614466190338,68.47200012207031,0.883495145631068
fact_0029,12,original,direct_answer,False,True,correct_wrong,0.09858059883117676,27.81490135192871,0.5125
fact_0029,12,short_direct,answer_briefly,False,False,wrong_wrong,0.6334589123725891,72.68880462646484,0.8761061946902655
fact_0029,12,short_direct,no_explanation,False,False,wrong_wrong,0.6228755414485931,68.61627960205078,0.8823529411764706
fact_0029,12,short_direct,direct_answer,False,True,correct_wrong,0.13515686988830566,32.749237060546875,0.611764705882353
fact_0029,12,answer_briefly,no_explanation,False,False,wrong_wrong,0.2143878936767578,40.83322525024414,0.6632653061224489
fact_0029,12,answer_briefly,direct_answer,False,True,correct_wrong,0.6177828311920166,70.1643295288086,0.884297520661157
fact_0029,12,no_explanation,direct_answer,False,True,correct_wrong,0.6211853623390198,66.70336151123047,0.8909090909090909
fact_0031,6,original,answer_briefly,False,False,wrong_wrong,0.4274786710739136,45.802032470703125,0.8103448275862069
fact_0031,6,original,no_explanation,False,False,wrong_wrong,0.411807119846344,44.06161880493164,0.8461538461538461
fact_0031,6,original,direct_answer,False,True,correct_wrong,0.026052474975585938,11.331109046936035,0.37209302325581395
fact_0031,6,answer_briefly,no_explanation,False,False,wrong_wrong,0.0520557165145874,15.720611572265625,0.5106382978723405
fact_0031,6,answer_briefly,direct_answer,False,True,correct_wrong,0.3992336392402649,43.22161865234375,0.7735849056603774
fact_0031,6,no_explanation,direct_answer,False,True,correct_wrong,0.3826693892478943,41.365455627441406,0.8166666666666667
fact_0031,9,original,answer_briefly,False,False,wrong_wrong,0.609551876783371,51.28871154785156,0.8936170212765957
fact_0031,9,original,no_explanation,False,False,wrong_wrong,0.6168964505195618,51.18144607543945,0.8863636363636364
fact_0031,9,original,direct_answer,False,True,correct_wrong,0.061237454414367676,16.082124710083008,0.40740740740740744
fact_0031,9,answer_briefly,no_explanation,False,False,wrong_wrong,0.05686986446380615,15.699141502380371,0.2727272727272727
fact_0031,9,answer_briefly,direct_answer,False,True,correct_wrong,0.5433679819107056,45.877689361572266,0.8666666666666667
fact_0031,9,no_explanation,direct_answer,False,True,correct_wrong,0.549208790063858,45.66425323486328,0.8837209302325582
fact_0031,12,original,answer_briefly,False,False,wrong_wrong,0.6439111828804016,73.79862976074219,0.8909090909090909
fact_0031,12,original,no_explanation,False,False,wrong_wrong,0.6403877437114716,70.4970932006836,0.8823529411764706
fact_0031,12,original,direct_answer,False,True,correct_wrong,0.11698871850967407,31.897184371948242,0.618421052631579
fact_0031,12,answer_briefly,no_explanation,False,False,wrong_wrong,0.2307249903678894,40.565853118896484,0.6526315789473685
fact_0031,12,answer_briefly,direct_answer,False,True,correct_wrong,0.5534927546977997,65.94219970703125,0.8446601941747574
fact_0031,12,no_explanation,direct_answer,False,True,correct_wrong,0.5721480548381805,63.896297454833984,0.8315789473684211
fact_0032,6,original,answer_briefly,False,False,wrong_wrong,0.3760104179382324,43.84941864013672,0.8461538461538461
fact_0032,6,original,no_explanation,False,False,wrong_wrong,0.39405763149261475,44.7254524230957,0.8481012658227848
fact_0032,6,original,direct_answer,False,True,correct_wrong,0.04353189468383789,15.336771965026855,0.42307692307692313
fact_0032,6,answer_briefly,no_explanation,False,False,wrong_wrong,0.05908036231994629,16.633329391479492,0.5660377358490566
fact_0032,6,answer_briefly,direct_answer,False,True,correct_wrong,0.3328498601913452,39.548675537109375,0.7818181818181819
fact_0032,6,no_explanation,direct_answer,False,True,correct_wrong,0.35121989250183105,40.449092864990234,0.8142857142857143
fact_0032,9,original,answer_briefly,False,False,wrong_wrong,0.47882795333862305,46.355384826660156,0.7692307692307692
fact_0032,9,original,no_explanation,False,False,wrong_wrong,0.4471402168273926,40.78472900390625,0.7857142857142857
fact_0032,9,original,direct_answer,False,True,correct_wrong,0.12431526184082031,20.612613677978516,0.5483870967741935
fact_0032,9,answer_briefly,no_explanation,False,False,wrong_wrong,0.10810548067092896,23.224918365478516,0.575
fact_0032,9,answer_briefly,direct_answer,False,True,correct_wrong,0.57759028673172,50.03489685058594,0.813953488372093
fact_0032,9,no_explanation,direct_answer,False,True,correct_wrong,0.5110136270523071,42.764339447021484,0.8
fact_0032,12,original,answer_briefly,False,False,wrong_wrong,0.5871990621089935,70.03614044189453,0.9158878504672897
fact_0032,12,original,no_explanation,False,False,wrong_wrong,0.6116824746131897,66.27664184570312,0.8936170212765957
fact_0032,12,original,direct_answer,False,True,correct_wrong,0.230158269405365,42.42098617553711,0.6623376623376623
fact_0032,12,answer_briefly,no_explanation,False,False,wrong_wrong,0.2156323790550232,39.62837600708008,0.6956521739130435
fact_0032,12,answer_briefly,direct_answer,False,True,correct_wrong,0.6522454917430878,69.48130798339844,0.8773584905660378
fact_0032,12,no_explanation,direct_answer,False,True,correct_wrong,0.6387625634670258,62.53754806518555,0.8617021276595744
fact_0034,6,original,answer_briefly,False,True,correct_wrong,0.4271852970123291,45.57746124267578,0.8333333333333334
fact_0034,6,original,no_explanation,False,False,wrong_wrong,0.42042016983032227,44.366310119628906,0.8333333333333334
fact_0034,6,original,direct_answer,False,True,correct_wrong,0.018496453762054443,9.603919982910156,0.2564102564102564
fact_0034,6,answer_briefly,no_explanation,True,False,correct_wrong,0.07768881320953369,19.053455352783203,0.6140350877192983
fact_0034,6,answer_briefly,direct_answer,True,True,correct_correct,0.3999407887458801,43.049312591552734,0.7931034482758621
fact_0034,6,no_explanation,direct_answer,False,True,correct_wrong,0.3938747048377991,41.815574645996094,0.8333333333333334
fact_0034,9,original,answer_briefly,False,True,correct_wrong,0.6351423263549805,53.530364990234375,0.86
fact_0034,9,original,no_explanation,False,False,wrong_wrong,0.6134665608406067,49.50115203857422,0.8723404255319149
fact_0034,9,original,direct_answer,False,True,correct_wrong,0.06365376710891724,17.073148727416992,0.3928571428571429
fact_0034,9,answer_briefly,no_explanation,True,False,correct_wrong,0.09362316131591797,20.168596267700195,0.44999999999999996
fact_0034,9,answer_briefly,direct_answer,True,True,correct_correct,0.5621911883354187,47.11642074584961,0.851063829787234
fact_0034,9,no_explanation,direct_answer,False,True,correct_wrong,0.5438304245471954,42.824398040771484,0.8888888888888888
fact_0034,12,original,answer_briefly,False,True,correct_wrong,0.6405282616615295,72.48058319091797,0.8811881188118812
fact_0034,12,original,no_explanation,False,False,wrong_wrong,0.6346848607063293,68.88512420654297,0.8913043478260869
fact_0034,12,original,direct_answer,False,True,correct_wrong,0.11668658256530762,32.02336502075195,0.5866666666666667
fact_0034,12,answer_briefly,no_explanation,True,False,correct_wrong,0.24951988458633423,40.457759857177734,0.7023809523809523
fact_0034,12,answer_briefly,direct_answer,True,True,correct_correct,0.5492656230926514,65.385498046875,0.8350515463917526
fact_0034,12,no_explanation,direct_answer,False,True,correct_wrong,0.5771073698997498,63.7792854309082,0.8275862068965517
fact_0039,6,original,short_direct,False,False,wrong_wrong,0.008120894432067871,7.103378772735596,0.1428571428571429
fact_0039,6,original,answer_briefly,False,False,wrong_wrong,0.4499741196632385,50.64908981323242,0.8243243243243243
fact_0039,6,original,no_explanation,False,False,wrong_wrong,0.4286503791809082,48.21037292480469,0.8378378378378378
fact_0039,6,original,direct_answer,False,True,correct_wrong,0.01940101385116577,10.96923542022705,0.339622641509434
fact_0039,6,short_direct,answer_briefly,False,False,wrong_wrong,0.4553251266479492,50.47016143798828,0.8421052631578947
fact_0039,6,short_direct,no_explanation,False,False,wrong_wrong,0.43486976623535156,48.02996063232422,0.8552631578947368
fact_0039,6,short_direct,direct_answer,False,True,correct_wrong,0.022552967071533203,11.59114933013916,0.3207547169811321
fact_0039,6,answer_briefly,no_explanation,False,False,wrong_wrong,0.06515878438949585,17.966564178466797,0.543859649122807
fact_0039,6,answer_briefly,direct_answer,False,True,correct_wrong,0.4329989552497864,48.626163482666016,0.8513513513513513
fact_0039,6,no_explanation,direct_answer,False,True,correct_wrong,0.4080432057380676,45.90966796875,0.8648648648648649
fact_0039,9,original,short_direct,False,False,wrong_wrong,0.012389600276947021,7.685471534729004,0.11764705882352944
fact_0039,9,original,answer_briefly,False,False,wrong_wrong,0.632407546043396,55.7332763671875,0.8431372549019608
fact_0039,9,original,no_explanation,False,False,wrong_wrong,0.6388309597969055,55.76554870605469,0.8461538461538461
fact_0039,9,original,direct_answer,False,True,correct_wrong,0.03995358943939209,13.878003120422363,0.28205128205128205
fact_0039,9,short_direct,answer_briefly,False,False,wrong_wrong,0.6255728602409363,54.693180084228516,0.8431372549019608
fact_0039,9,short_direct,no_explanation,False,False,wrong_wrong,0.6347087919712067,54.833438873291016,0.8461538461538461
fact_0039,9,short_direct,direct_answer,False,True,correct_wrong,0.05317932367324829,15.895140647888184,0.32499999999999996
fact_0039,9,answer_briefly,no_explanation,False,False,wrong_wrong,0.11005628108978271,23.53386688232422,0.4285714285714286
fact_0039,9,answer_briefly,direct_answer,False,True,correct_wrong,0.6663113236427307,57.572879791259766,0.8727272727272728
fact_0039,9,no_explanation,direct_answer,False,True,correct_wrong,0.669612854719162,57.46329879760742,0.875
fact_0039,12,original,short_direct,False,False,wrong_wrong,0.03590267896652222,18.245655059814453,0.275
fact_0039,12,original,answer_briefly,False,False,wrong_wrong,0.6715831458568573,75.50110626220703,0.8833333333333333
fact_0039,12,original,no_explanation,False,False,wrong_wrong,0.7455328702926636,80.14804077148438,0.9166666666666666
fact_0039,12,original,direct_answer,False,True,correct_wrong,0.07334554195404053,26.53524398803711,0.44791666666666663
fact_0039,12,short_direct,answer_briefly,False,False,wrong_wrong,0.6516295671463013,72.84148406982422,0.8727272727272728
fact_0039,12,short_direct,no_explanation,False,False,wrong_wrong,0.739464670419693,78.23028564453125,0.9285714285714286
fact_0039,12,short_direct,direct_answer,False,True,correct_wrong,0.09306943416595459,29.537145614624023,0.5053763440860215
fact_0039,12,answer_briefly,no_explanation,False,False,wrong_wrong,0.25186920166015625,43.8216667175293,0.696629213483146
fact_0039,12,answer_briefly,direct_answer,False,True,correct_wrong,0.6546060144901276,75.22038269042969,0.9024390243902439
fact_0039,12,no_explanation,direct_answer,False,True,correct_wrong,0.7231648564338684,79.62812042236328,0.8991596638655462
fact_0041,6,original,short_direct,False,False,wrong_wrong,0.015083849430084229,9.378185272216797,0.21568627450980393
fact_0041,6,original,answer_briefly,False,False,wrong_wrong,0.4257834553718567,48.1512451171875,0.8428571428571429
fact_0041,6,original,no_explanation,False,False,wrong_wrong,0.43606579303741455,47.558067321777344,0.8513513513513513
fact_0041,6,original,direct_answer,False,True,correct_wrong,0.02711540460586548,12.524852752685547,0.3584905660377359
fact_0041,6,short_direct,answer_briefly,False,False,wrong_wrong,0.4250718951225281,48.141510009765625,0.8493150684931507
fact_0041,6,short_direct,no_explanation,False,False,wrong_wrong,0.4364057183265686,47.609615325927734,0.8571428571428572
fact_0041,6,short_direct,direct_answer,False,True,correct_wrong,0.03742575645446777,14.650997161865234,0.4482758620689655
fact_0041,6,answer_briefly,no_explanation,False,False,wrong_wrong,0.07561779022216797,19.13701820373535,0.5555555555555556
fact_0041,6,answer_briefly,direct_answer,False,True,correct_wrong,0.40134429931640625,45.52613067626953,0.8405797101449275
fact_0041,6,no_explanation,direct_answer,False,True,correct_wrong,0.4108033776283264,44.814422607421875,0.8493150684931507
fact_0041,9,original,short_direct,False,False,wrong_wrong,0.03287261724472046,11.662768363952637,0.2857142857142857
fact_0041,9,original,answer_briefly,False,False,wrong_wrong,0.6104487776756287,53.54538345336914,0.9056603773584906
fact_0041,9,original,no_explanation,False,False,wrong_wrong,0.6085539758205414,50.54557800292969,0.9090909090909091
fact_0041,9,original,direct_answer,False,True,correct_wrong,0.03186231851577759,11.46220588684082,0.2592592592592593
fact_0041,9,short_direct,answer_briefly,False,False,wrong_wrong,0.5811631679534912,51.97726058959961,0.88
fact_0041,9,short_direct,no_explanation,False,False,wrong_wrong,0.5976606607437134,49.76427459716797,0.8846153846153846
fact_0041,9,short_direct,direct_answer,False,True,correct_wrong,0.06900167465209961,16.563968658447266,0.4482758620689655
fact_0041,9,answer_briefly,no_explanation,False,False,wrong_wrong,0.11148995161056519,23.35701560974121,0.4545454545454546
fact_0041,9,answer_briefly,direct_answer,False,True,correct_wrong,0.5993380546569824,52.151371002197266,0.9
fact_0041,9,no_explanation,direct_answer,False,True,correct_wrong,0.5979397892951965,49.061988830566406,0.9038461538461539
fact_0041,12,original,short_direct,False,False,wrong_wrong,0.05803018808364868,23.210796356201172,0.34375
fact_0041,12,original,answer_briefly,False,False,wrong_wrong,0.6425590217113495,76.00494384765625,0.8695652173913043
fact_0041,12,original,no_explanation,False,False,wrong_wrong,0.7065617144107819,76.23994445800781,0.9
fact_0041,12,original,direct_answer,False,True,correct_wrong,0.09130698442459106,29.182626724243164,0.5211267605633803
fact_0041,12,short_direct,answer_briefly,False,False,wrong_wrong,0.64576855301857,74.18512725830078,0.8672566371681416
fact_0041,12,short_direct,no_explanation,False,False,wrong_wrong,0.7105743288993835,74.17168426513672,0.92
fact_0041,12,short_direct,direct_answer,False,True,correct_wrong,0.1357942819595337,34.656253814697266,0.589041095890411
fact_0041,12,answer_briefly,no_explanation,False,False,wrong_wrong,0.2553231716156006,44.41765594482422,0.7184466019417476
fact_0041,12,answer_briefly,direct_answer,False,True,correct_wrong,0.5937994718551636,71.95203399658203,0.8660714285714286
fact_0041,12,no_explanation,direct_answer,False,True,correct_wrong,0.6553235650062561,72.19786834716797,0.8494623655913979
fact_0047,6,original,answer_briefly,False,False,wrong_wrong,0.4164477586746216,45.635276794433594,0.85
fact_0047,6,original,no_explanation,False,False,wrong_wrong,0.40556055307388306,43.754817962646484,0.8548387096774194
fact_0047,6,original,direct_answer,False,True,correct_wrong,0.019179940223693848,9.803155899047852,0.31707317073170727
fact_0047,6,answer_briefly,no_explanation,False,False,wrong_wrong,0.04952007532119751,15.474499702453613,0.56
fact_0047,6,answer_briefly,direct_answer,False,True,correct_wrong,0.39172422885894775,44.00517272949219,0.8524590163934427
fact_0047,6,no_explanation,direct_answer,False,True,correct_wrong,0.3801236152648926,42.08544921875,0.8571428571428572
fact_0047,9,original,answer_briefly,False,False,wrong_wrong,0.6181297302246094,56.88621139526367,0.8979591836734694
fact_0047,9,original,no_explanation,False,False,wrong_wrong,0.6240793466567993,56.05827331542969,0.8936170212765957
fact_0047,9,original,direct_answer,False,True,correct_wrong,0.03129392862319946,13.204862594604492,0.33333333333333337
fact_0047,9,answer_briefly,no_explanation,False,False,wrong_wrong,0.10637706518173218,22.29107666015625,0.4390243902439024
fact_0047,9,answer_briefly,direct_answer,False,True,correct_wrong,0.6108536422252655,56.30449676513672,0.9038461538461539
fact_0047,9,no_explanation,direct_answer,False,True,correct_wrong,0.6164278090000153,55.45796585083008,0.9
fact_0047,12,original,answer_briefly,False,False,wrong_wrong,0.6489642560482025,79.23104858398438,0.9029850746268657
fact_0047,12,original,no_explanation,False,False,wrong_wrong,0.7158760130405426,79.6878662109375,0.9338842975206612
fact_0047,12,original,direct_answer,False,True,correct_wrong,0.11532926559448242,34.37608337402344,0.6
fact_0047,12,answer_briefly,no_explanation,False,False,wrong_wrong,0.26345962285995483,45.58089065551758,0.75
fact_0047,12,answer_briefly,direct_answer,False,True,correct_wrong,0.6092593967914581,74.49327850341797,0.8809523809523809
fact_0047,12,no_explanation,direct_answer,False,True,correct_wrong,0.7048540115356445,76.44952392578125,0.9210526315789473
fact_0049,6,original,short_direct,False,False,wrong_wrong,0.011817514896392822,9.483798027038574,0.26415094339622647
fact_0049,6,original,answer_briefly,False,False,wrong_wrong,0.47623157501220703,55.174476623535156,0.8767123287671232
fact_0049,6,original,no_explanation,False,False,wrong_wrong,0.49280494451522827,55.4067268371582,0.8701298701298701
fact_0049,6,original,direct_answer,False,True,correct_wrong,0.021701514720916748,12.761795043945312,0.38983050847457623
fact_0049,6,short_direct,answer_briefly,False,False,wrong_wrong,0.4794585704803467,55.4888801574707,0.8857142857142857
fact_0049,6,short_direct,no_explanation,False,False,wrong_wrong,0.4948943257331848,55.65972900390625,0.863013698630137
fact_0049,6,short_direct,direct_answer,False,True,correct_wrong,0.02487415075302124,13.698225975036621,0.4035087719298246
fact_0049,6,answer_briefly,no_explanation,False,False,wrong_wrong,0.06414306163787842,17.426959991455078,0.54
fact_0049,6,answer_briefly,direct_answer,False,True,correct_wrong,0.463087797164917,53.37403869628906,0.8591549295774648
fact_0049,6,no_explanation,direct_answer,False,True,correct_wrong,0.4763109087944031,53.40856170654297,0.8378378378378378
fact_0049,9,original,short_direct,False,False,wrong_wrong,0.023505985736846924,10.438233375549316,0.23333333333333328
fact_0049,9,original,answer_briefly,False,False,wrong_wrong,0.671053409576416,57.731319427490234,0.8979591836734694
fact_0049,9,original,no_explanation,False,False,wrong_wrong,0.6447768807411194,53.78897476196289,0.8823529411764706
fact_0049,9,original,direct_answer,False,True,correct_wrong,0.04171156883239746,14.43354320526123,0.3125
fact_0049,9,short_direct,answer_briefly,False,False,wrong_wrong,0.6520001590251923,55.81718063354492,0.9038461538461539
fact_0049,9,short_direct,no_explanation,False,False,wrong_wrong,0.6235478520393372,51.706275939941406,0.8888888888888888
fact_0049,9,short_direct,direct_answer,False,True,correct_wrong,0.06843328475952148,18.382732391357422,0.45945945945945943
fact_0049,9,answer_briefly,no_explanation,False,False,wrong_wrong,0.08998066186904907,21.289045333862305,0.4358974358974359
fact_0049,9,answer_briefly,direct_answer,False,True,correct_wrong,0.7024851441383362,60.36442947387695,0.9056603773584906
fact_0049,9,no_explanation,direct_answer,False,True,correct_wrong,0.6773151755332947,56.53038024902344,0.8909090909090909
fact_0049,12,original,short_direct,False,False,wrong_wrong,0.03607302904129028,22.411964416503906,0.348314606741573
fact_0049,12,original,answer_briefly,False,False,wrong_wrong,0.7061485648155212,90.3431625366211,0.9078014184397163
fact_0049,12,original,no_explanation,False,False,wrong_wrong,0.7103452980518341,86.92584228515625,0.9173553719008265
fact_0049,12,original,direct_answer,False,True,correct_wrong,0.04097259044647217,23.907487869262695,0.31868131868131866
fact_0049,12,short_direct,answer_briefly,False,False,wrong_wrong,0.6951217353343964,87.27693176269531,0.9124087591240876
fact_0049,12,short_direct,no_explanation,False,False,wrong_wrong,0.7012906074523926,83.82247924804688,0.9230769230769231
fact_0049,12,short_direct,direct_answer,False,True,correct_wrong,0.07981669902801514,32.63137435913086,0.4897959183673469
fact_0049,12,answer_briefly,no_explanation,False,False,wrong_wrong,0.18137085437774658,37.91646957397461,0.6
fact_0049,12,answer_briefly,direct_answer,False,True,correct_wrong,0.7182018160820007,89.765625,0.9310344827586207
fact_0049,12,no_explanation,direct_answer,False,True,correct_wrong,0.7134910821914673,85.67729187011719,0.9090909090909091
fact_0051,6,original,short_direct,False,False,wrong_wrong,0.01289057731628418,8.801944732666016,0.19999999999999996
fact_0051,6,original,answer_briefly,False,False,wrong_wrong,0.42909038066864014,48.60148239135742,0.8607594936708861
fact_0051,6,original,no_explanation,False,False,wrong_wrong,0.44292664527893066,48.51707077026367,0.8780487804878049
fact_0051,6,original,direct_answer,False,True,correct_wrong,0.032157301902770996,13.928606986999512,0.36363636363636365
fact_0051,6,short_direct,answer_briefly,False,False,wrong_wrong,0.4254834055900574,47.810768127441406,0.8571428571428572
fact_0051,6,short_direct,no_explanation,False,False,wrong_wrong,0.43873000144958496,47.657535552978516,0.875
fact_0051,6,short_direct,direct_answer,False,True,correct_wrong,0.03291511535644531,13.717851638793945,0.36923076923076925
fact_0051,6,answer_briefly,no_explanation,False,False,wrong_wrong,0.07011067867279053,18.22595977783203,0.5306122448979591
fact_0051,6,answer_briefly,direct_answer,False,True,correct_wrong,0.3876454830169678,44.4622688293457,0.8421052631578947
fact_0051,6,no_explanation,direct_answer,False,True,correct_wrong,0.39647871255874634,44.051753997802734,0.875
fact_0051,9,original,short_direct,False,False,wrong_wrong,0.01591336727142334,7.8402228355407715,0.19999999999999996
fact_0051,9,original,answer_briefly,False,False,wrong_wrong,0.5717749893665314,49.44705581665039,0.8444444444444444
fact_0051,9,original,no_explanation,False,False,wrong_wrong,0.5406818985939026,44.655399322509766,0.8444444444444444
fact_0051,9,original,direct_answer,False,True,correct_wrong,0.03479737043380737,11.433184623718262,0.29166666666666663
fact_0051,9,short_direct,answer_briefly,False,False,wrong_wrong,0.5820552706718445,50.0576171875,0.8541666666666666
fact_0051,9,short_direct,no_explanation,False,False,wrong_wrong,0.5516748428344727,45.30769729614258,0.8541666666666666
fact_0051,9,short_direct,direct_answer,False,True,correct_wrong,0.053377747535705566,14.213811874389648,0.4285714285714286
fact_0051,9,answer_briefly,no_explanation,False,False,wrong_wrong,0.09245181083679199,20.433237075805664,0.41025641025641024
fact_0051,9,answer_briefly,direct_answer,False,True,correct_wrong,0.5322234928607941,47.01999282836914,0.8409090909090909
fact_0051,9,no_explanation,direct_answer,False,True,correct_wrong,0.5038332641124725,42.2612419128418,0.8666666666666667
fact_0051,12,original,short_direct,False,False,wrong_wrong,0.016595125198364258,12.285470008850098,0.1311475409836066
fact_0051,12,original,answer_briefly,False,False,wrong_wrong,0.6360576748847961,73.26378631591797,0.8598130841121495
fact_0051,12,original,no_explanation,False,False,wrong_wrong,0.6075895130634308,67.7751693725586,0.8444444444444444
fact_0051,12,original,direct_answer,False,True,correct_wrong,0.06820982694625854,24.48037338256836,0.42028985507246375
fact_0051,12,short_direct,answer_briefly,False,False,wrong_wrong,0.6331446468830109,71.66923522949219,0.8727272727272728
fact_0051,12,short_direct,no_explanation,False,False,wrong_wrong,0.601139485836029,65.82897186279297,0.8478260869565217
fact_0051,12,short_direct,direct_answer,False,True,correct_wrong,0.09085339307785034,27.50181770324707,0.4794520547945206
fact_0051,12,answer_briefly,no_explanation,False,False,wrong_wrong,0.22281956672668457,39.614688873291016,0.6588235294117647
fact_0051,12,answer_briefly,direct_answer,False,True,correct_wrong,0.6271317303180695,70.76016998291016,0.8773584905660378
fact_0051,12,no_explanation,direct_answer,False,True,correct_wrong,0.6114783585071564,65.73136138916016,0.8777777777777778
fact_0053,6,original,short_direct,True,True,correct_correct,0.011773109436035156,8.924538612365723,0.196078431372549
fact_0053,6,original,answer_briefly,True,False,correct_wrong,0.4634936451911926,52.25309371948242,0.8676470588235294
fact_0053,6,original,no_explanation,True,True,correct_correct,0.4862651824951172,52.70291519165039,0.8974358974358975
fact_0053,6,original,direct_answer,True,True,correct_correct,0.022446095943450928,12.286605834960938,0.33333333333333337
fact_0053,6,short_direct,answer_briefly,True,False,correct_wrong,0.4543217420578003,51.45404815673828,0.8676470588235294
fact_0053,6,short_direct,no_explanation,True,True,correct_correct,0.4730485677719116,51.70288848876953,0.8831168831168831
fact_0053,6,short_direct,direct_answer,True,True,correct_correct,0.025667965412139893,13.035970687866211,0.3035714285714286
fact_0053,6,answer_briefly,no_explanation,False,True,correct_wrong,0.058516740798950195,16.47345733642578,0.5208333333333333
fact_0053,6,answer_briefly,direct_answer,False,True,correct_wrong,0.443919837474823,50.396400451660156,0.8732394366197183
fact_0053,6,no_explanation,direct_answer,True,True,correct_correct,0.4636877179145813,50.697998046875,0.8875
fact_0053,9,original,short_direct,True,True,correct_correct,0.017665982246398926,10.432997703552246,0.19354838709677424
fact_0053,9,original,answer_briefly,True,False,correct_wrong,0.6701416373252869,59.811729431152344,0.9056603773584906
fact_0053,9,original,no_explanation,True,True,correct_correct,0.6657153367996216,57.60895919799805,0.9019607843137255
fact_0053,9,original,direct_answer,True,True,correct_correct,0.025099635124206543,12.214863777160645,0.30000000000000004
fact_0053,9,short_direct,answer_briefly,True,False,correct_wrong,0.6539146602153778,57.199432373046875,0.9090909090909091
fact_0053,9,short_direct,no_explanation,True,True,correct_correct,0.6499149799346924,54.908206939697266,0.9056603773584906
fact_0053,9,short_direct,direct_answer,True,True,correct_correct,0.042481303215026855,15.151589393615723,0.3939393939393939
fact_0053,9,answer_briefly,no_explanation,False,True,correct_wrong,0.09345746040344238,20.379623413085938,0.3783783783783784
fact_0053,9,answer_briefly,direct_answer,False,True,correct_wrong,0.6644188761711121,58.02511978149414,0.9
fact_0053,9,no_explanation,direct_answer,True,True,correct_correct,0.6583417654037476,55.65424346923828,0.8958333333333334
fact_0053,12,original,short_direct,True,True,correct_correct,0.031166672706604004,18.911569595336914,0.2857142857142857
fact_0053,12,original,answer_briefly,True,False,correct_wrong,0.6726282835006714,82.56813049316406,0.8983050847457628
fact_0053,12,original,no_explanation,True,True,correct_correct,0.7013484835624695,80.19200134277344,0.9019607843137255
fact_0053,12,original,direct_answer,True,True,correct_correct,0.05621957778930664,25.235671997070312,0.45945945945945943
fact_0053,12,short_direct,answer_briefly,True,False,correct_wrong,0.6645370721817017,80.66972351074219,0.8943089430894309
fact_0053,12,short_direct,no_explanation,True,True,correct_correct,0.6900439560413361,78.00800323486328,0.897196261682243
fact_0053,12,short_direct,direct_answer,True,True,correct_correct,0.08125638961791992,29.560300827026367,0.5365853658536586
fact_0053,12,answer_briefly,no_explanation,False,True,correct_wrong,0.2119026780128479,40.4200439453125,0.6382978723404256
fact_0053,12,answer_briefly,direct_answer,False,True,correct_wrong,0.655324250459671,78.7917251586914,0.8983050847457628
fact_0053,12,no_explanation,direct_answer,True,True,correct_correct,0.6780571341514587,75.87310791015625,0.8686868686868687
fact_0054,6,original,answer_briefly,False,False,wrong_wrong,0.45450884103775024,53.23029708862305,0.8717948717948718
fact_0054,6,original,no_explanation,False,False,wrong_wrong,0.4623880386352539,52.56431198120117,0.8674698795180723
fact_0054,6,original,direct_answer,False,True,correct_wrong,0.02401977777481079,13.061646461486816,0.35593220338983056
fact_0054,6,answer_briefly,no_explanation,False,False,wrong_wrong,0.07102334499359131,18.865306854248047,0.5666666666666667
fact_0054,6,answer_briefly,direct_answer,False,True,correct_wrong,0.4482687711715698,51.19108963012695,0.858974358974359
fact_0054,6,no_explanation,direct_answer,False,True,correct_wrong,0.4571620225906372,50.446380615234375,0.8554216867469879
fact_0054,9,original,answer_briefly,False,False,wrong_wrong,0.5914339423179626,54.80083465576172,0.8214285714285714
fact_0054,9,original,no_explanation,False,False,wrong_wrong,0.5865427851676941,51.04177474975586,0.8703703703703703
fact_0054,9,original,direct_answer,False,True,correct_wrong,0.060057222843170166,16.410297393798828,0.4390243902439024
fact_0054,9,answer_briefly,no_explanation,False,False,wrong_wrong,0.08706098794937134,21.65478515625,0.5
fact_0054,9,answer_briefly,direct_answer,False,True,correct_wrong,0.5855907797813416,54.379722595214844,0.8461538461538461
fact_0054,9,no_explanation,direct_answer,False,True,correct_wrong,0.5792341530323029,50.54434585571289,0.8541666666666666
fact_0054,12,original,answer_briefly,False,False,wrong_wrong,0.6570033431053162,80.67135620117188,0.9180327868852459
fact_0054,12,original,no_explanation,False,False,wrong_wrong,0.6485553681850433,77.20086669921875,0.9122807017543859
fact_0054,12,original,direct_answer,False,True,correct_wrong,0.08226406574249268,30.33074951171875,0.5274725274725275
fact_0054,12,answer_briefly,no_explanation,False,False,wrong_wrong,0.21904593706130981,41.494319915771484,0.6730769230769231
fact_0054,12,answer_briefly,direct_answer,False,True,correct_wrong,0.5926541984081268,76.6134262084961,0.8787878787878788
fact_0054,12,no_explanation,direct_answer,False,True,correct_wrong,0.5996718406677246,74.29546356201172,0.8709677419354839
fact_0057,6,original,short_direct,False,False,wrong_wrong,0.012838959693908691,7.880366325378418,0.17910447761194026
fact_0057,6,original,answer_briefly,False,True,correct_wrong,0.48849695920944214,49.03460693359375,0.9139784946236559
fact_0057,6,original,no_explanation,False,True,correct_wrong,0.4485601782798767,45.09590148925781,0.8860759493670887
fact_0057,6,original,direct_answer,False,False,wrong_wrong,0.02930474281311035,11.84041690826416,0.2647058823529411
fact_0057,6,short_direct,answer_briefly,False,True,correct_wrong,0.4836386442184448,48.68199920654297,0.9120879120879121
fact_0057,6,short_direct,no_explanation,False,True,correct_wrong,0.44357389211654663,44.726619720458984,0.8831168831168831
fact_0057,6,short_direct,direct_answer,False,False,wrong_wrong,0.03424692153930664,12.735594749450684,0.3188405797101449
fact_0057,6,answer_briefly,no_explanation,True,True,correct_correct,0.06847923994064331,18.180002212524414,0.6458333333333333
fact_0057,6,answer_briefly,direct_answer,True,False,correct_wrong,0.4698258638381958,47.444549560546875,0.8953488372093024
fact_0057,6,no_explanation,direct_answer,True,False,correct_wrong,0.43101829290390015,43.49476623535156,0.8767123287671232
fact_0057,9,original,short_direct,False,False,wrong_wrong,0.025807440280914307,10.253683090209961,0.18367346938775508
fact_0057,9,original,answer_briefly,False,True,correct_wrong,0.6576285362243652,50.98588943481445,0.9285714285714286
fact_0057,9,original,no_explanation,False,True,correct_wrong,0.654551237821579,51.17497634887695,0.9264705882352942
fact_0057,9,original,direct_answer,False,False,wrong_wrong,0.04895460605621338,14.124835014343262,0.2592592592592593
fact_0057,9,short_direct,answer_briefly,False,True,correct_wrong,0.6479505300521851,50.18183135986328,0.927536231884058
fact_0057,9,short_direct,no_explanation,False,True,correct_wrong,0.6446370482444763,50.3646240234375,0.9253731343283582
fact_0057,9,short_direct,direct_answer,False,False,wrong_wrong,0.07111281156539917,16.87515640258789,0.3392857142857143
fact_0057,9,answer_briefly,no_explanation,True,True,correct_correct,0.10225224494934082,19.80113983154297,0.43243243243243246
fact_0057,9,answer_briefly,direct_answer,True,False,correct_wrong,0.6520480811595917,50.44147491455078,0.9178082191780822
fact_0057,9,no_explanation,direct_answer,True,False,correct_wrong,0.6460795402526855,50.5205192565918,0.9154929577464789
fact_0057,12,original,short_direct,False,False,wrong_wrong,0.03830087184906006,18.47058868408203,0.29761904761904767
fact_0057,12,original,answer_briefly,False,True,correct_wrong,0.7023106813430786,73.42774200439453,0.9304347826086956
fact_0057,12,original,no_explanation,False,True,correct_wrong,0.6787270307540894,71.14737701416016,0.9541284403669725
fact_0057,12,original,direct_answer,False,False,wrong_wrong,0.09234064817428589,28.751707077026367,0.5555555555555556
fact_0057,12,short_direct,answer_briefly,False,True,correct_wrong,0.7121856212615967,73.77408599853516,0.9411764705882353
fact_0057,12,short_direct,no_explanation,False,True,correct_wrong,0.6875848174095154,71.4346694946289,0.9646017699115044
fact_0057,12,short_direct,direct_answer,False,False,wrong_wrong,0.12931221723556519,33.96704864501953,0.6145833333333333
fact_0057,12,answer_briefly,no_explanation,True,True,correct_correct,0.23118382692337036,37.51831817626953,0.6527777777777778
fact_0057,12,answer_briefly,direct_answer,True,False,correct_wrong,0.6767420172691345,72.18484497070312,0.9029126213592233
fact_0057,12,no_explanation,direct_answer,True,False,correct_wrong,0.6682404577732086,70.69348907470703,0.9387755102040817
fact_0059,6,original,short_direct,False,True,correct_wrong,0.011232852935791016,8.821369171142578,0.2264150943396226
fact_0059,6,original,answer_briefly,False,False,wrong_wrong,0.4533553719520569,52.444793701171875,0.8571428571428572
fact_0059,6,original,no_explanation,False,False,wrong_wrong,0.45209652185440063,51.38548278808594,0.868421052631579
fact_0059,6,original,direct_answer,False,False,wrong_wrong,0.01774495840072632,11.27578353881836,0.3090909090909091
fact_0059,6,short_direct,answer_briefly,True,False,correct_wrong,0.4507697820663452,52.356327056884766,0.8493150684931507
fact_0059,6,short_direct,no_explanation,True,False,correct_wrong,0.44963353872299194,51.31416702270508,0.8611111111111112
fact_0059,6,short_direct,direct_answer,True,False,correct_wrong,0.021559715270996094,12.364840507507324,0.3207547169811321
fact_0059,6,answer_briefly,no_explanation,False,False,wrong_wrong,0.050718486309051514,15.794224739074707,0.5384615384615384
fact_0059,6,answer_briefly,direct_answer,False,False,wrong_wrong,0.4309031367301941,49.237064361572266,0.8309859154929577
fact_0059,6,no_explanation,direct_answer,False,False,wrong_wrong,0.4285006523132324,48.00962829589844,0.8428571428571429
fact_0059,9,original,short_direct,False,True,correct_wrong,0.018589556217193604,9.264907836914062,0.22580645161290325
fact_0059,9,original,answer_briefly,False,False,wrong_wrong,0.5662558674812317,50.537109375,0.8666666666666667
fact_0059,9,original,no_explanation,False,False,wrong_wrong,0.5901878178119659,50.35888671875,0.8958333333333334
fact_0059,9,original,direct_answer,False,False,wrong_wrong,0.037398457527160645,13.07884407043457,0.4
fact_0059,9,short_direct,answer_briefly,True,False,correct_wrong,0.5432210266590118,49.03191375732422,0.875
fact_0059,9,short_direct,no_explanation,True,False,correct_wrong,0.5780884623527527,49.33213424682617,0.9019607843137255
fact_0059,9,short_direct,direct_answer,True,False,correct_wrong,0.05908024311065674,16.170909881591797,0.5428571428571429
fact_0059,9,answer_briefly,no_explanation,False,False,wrong_wrong,0.10509955883026123,20.97045135498047,0.375
fact_0059,9,answer_briefly,direct_answer,False,False,wrong_wrong,0.5822001695632935,50.29710388183594,0.8809523809523809
fact_0059,9,no_explanation,direct_answer,False,False,wrong_wrong,0.5886366665363312,49.28337097167969,0.8863636363636364
fact_0059,12,original,short_direct,False,True,correct_wrong,0.04269784688949585,19.73725700378418,0.360655737704918
fact_0059,12,original,answer_briefly,False,False,wrong_wrong,0.6317585706710815,73.59601593017578,0.8785046728971962
fact_0059,12,original,no_explanation,False,False,wrong_wrong,0.6835630238056183,73.23889923095703,0.9042553191489362
fact_0059,12,original,direct_answer,False,False,wrong_wrong,0.07490205764770508,26.667247772216797,0.4444444444444444
fact_0059,12,short_direct,answer_briefly,True,False,correct_wrong,0.6385089159011841,73.00228881835938,0.8761904761904762
fact_0059,12,short_direct,no_explanation,True,False,correct_wrong,0.6797856986522675,71.940185546875,0.9139784946236559
fact_0059,12,short_direct,direct_answer,True,False,correct_wrong,0.12566149234771729,34.21396255493164,0.5897435897435898
fact_0059,12,answer_briefly,no_explanation,False,False,wrong_wrong,0.24416899681091309,41.883583068847656,0.7263157894736842
fact_0059,12,answer_briefly,direct_answer,False,False,wrong_wrong,0.6131469905376434,73.34760284423828,0.8793103448275862
fact_0059,12,no_explanation,direct_answer,False,False,wrong_wrong,0.6690933704376221,73.424560546875,0.87
